Series Name,Series Code,Country Name,Country Code,2016 [YR2016],2017 [YR2017],2018 [YR2018]
"Birth rate, crude (per 1,000 people)",SP.DYN.CBRT.IN,Afghanistan,AFG,33.214,..,..
"Birth rate, crude (per 1,000 people)",SP.DYN.CBRT.IN,Albania,ALB,11.816,..,..
"Birth rate, crude (per 1,000 people)",SP.DYN.CBRT.IN,Algeria,DZA,23.132,..,..
"Birth rate, crude (per 1,000 people)",SP.DYN.CBRT.IN,American Samoa,ASM,..,..,..
"Birth rate, crude (per 1,000 people)",SP.DYN.CBRT.IN,Andorra,AND,8.8,..,..
"Birth rate, crude (per 1,000 people)",SP.DYN.CBRT.IN,Angola,AGO,41.819,..,..
"Birth rate, crude (per 1,000 people)",SP.DYN.CBRT.IN,Antigua and Barbuda,ATG,16.225,..,..
"Birth rate, crude (per 1,000 people)",SP.DYN.CBRT.IN,Arab World,ARB,25.92776636,..,..
"Birth rate, crude (per 1,000 people)",SP.DYN.CBRT.IN,Argentina,ARG,17.172,..,..
"Birth rate, crude (per 1,000 people)",SP.DYN.CBRT.IN,Armenia,ARM,13.456,..,..
"Birth rate, crude (per 1,000 people)",SP.DYN.CBRT.IN,Aruba,ABW,10.974,..,..
"Birth rate, crude (per 1,000 people)",SP.DYN.CBRT.IN,Australia,AUS,12.5,..,..
"Birth rate, crude (per 1,000 people)",SP.DYN.CBRT.IN,Austria,AUT,10,..,..
"Birth rate, crude (per 1,000 people)",SP.DYN.CBRT.IN,Azerbaijan,AZE,16.3,..,..
"Birth rate, crude (per 1,000 people)",SP.DYN.CBRT.IN,"Bahamas, The",BHS,14.271,..,..
"Birth rate, crude (per 1,000 people)",SP.DYN.CBRT.IN,Bahrain,BHR,14.762,..,..
"Birth rate, crude (per 1,000 people)",SP.DYN.CBRT.IN,Bangladesh,BGD,18.95,..,..
"Birth rate, crude (per 1,000 people)",SP.DYN.CBRT.IN,Barbados,BRB,11.905,..,..
"Birth rate, crude (per 1,000 people)",SP.DYN.CBRT.IN,Belarus,BLR,12.4,..,..
"Birth rate, crude (per 1,000 people)",SP.DYN.CBRT.IN,Belgium,BEL,10.8,..,..
"Birth rate, crude (per 1,000 people)",SP.DYN.CBRT.IN,Belize,BLZ,22.534,..,..
"Birth rate, crude (per 1,000 people)",SP.DYN.CBRT.IN,Benin,BEN,37.026,..,..
"Birth rate, crude (per 1,000 people)",SP.DYN.CBRT.IN,Bermuda,BMU,9.6,..,..
"Birth rate, crude (per 1,000 people)",SP.DYN.CBRT.IN,Bhutan,BTN,18.165,..,..
"Birth rate, crude (per 1,000 people)",SP.DYN.CBRT.IN,Bolivia,BOL,23.252,..,..
"Birth rate, crude (per 1,000 people)",SP.DYN.CBRT.IN,Bosnia and Herzegovina,BIH,9.158,..,..
"Birth rate, crude (per 1,000 people)",SP.DYN.CBRT.IN,Botswana,BWA,23.669,..,..
"Birth rate, crude (per 1,000 people)",SP.DYN.CBRT.IN,Brazil,BRA,14.163,..,..
"Birth rate, crude (per 1,000 people)",SP.DYN.CBRT.IN,British Virgin Islands,VGB,..,..,..
"Birth rate, crude (per 1,000 people)",SP.DYN.CBRT.IN,Brunei Darussalam,BRN,15.873,..,..
"Birth rate, crude (per 1,000 people)",SP.DYN.CBRT.IN,Bulgaria,BGR,9.1,..,..
"Birth rate, crude (per 1,000 people)",SP.DYN.CBRT.IN,Burkina Faso,BFA,38.92,..,..
"Birth rate, crude (per 1,000 people)",SP.DYN.CBRT.IN,Burundi,BDI,42.248,..,..
"Birth rate, crude (per 1,000 people)",SP.DYN.CBRT.IN,Cabo Verde,CPV,20.901,..,..
"Birth rate, crude (per 1,000 people)",SP.DYN.CBRT.IN,Cambodia,KHM,23.296,..,..
"Birth rate, crude (per 1,000 people)",SP.DYN.CBRT.IN,Cameroon,CMR,36.3,..,..
"Birth rate, crude (per 1,000 people)",SP.DYN.CBRT.IN,Canada,CAN,10.8,..,..
"Birth rate, crude (per 1,000 people)",SP.DYN.CBRT.IN,Caribbean small states,CSS,16.48352501,..,..
"Birth rate, crude (per 1,000 people)",SP.DYN.CBRT.IN,Cayman Islands,CYM,..,..,..
"Birth rate, crude (per 1,000 people)",SP.DYN.CBRT.IN,Central African Republic,CAF,35.7,..,..
"Birth rate, crude (per 1,000 people)",SP.DYN.CBRT.IN,Central Europe and the Baltics,CEB,9.981660607,..,..
"Birth rate, crude (per 1,000 people)",SP.DYN.CBRT.IN,Chad,TCD,43.331,..,..
"Birth rate, crude (per 1,000 people)",SP.DYN.CBRT.IN,Channel Islands,CHI,9.332,..,..
"Birth rate, crude (per 1,000 people)",SP.DYN.CBRT.IN,Chile,CHL,13.281,..,..
"Birth rate, crude (per 1,000 people)",SP.DYN.CBRT.IN,China,CHN,12,..,..
"Birth rate, crude (per 1,000 people)",SP.DYN.CBRT.IN,Colombia,COL,15.198,..,..
"Birth rate, crude (per 1,000 people)",SP.DYN.CBRT.IN,Comoros,COM,32.856,..,..
"Birth rate, crude (per 1,000 people)",SP.DYN.CBRT.IN,"Congo, Dem. Rep.",COD,42.28,..,..
"Birth rate, crude (per 1,000 people)",SP.DYN.CBRT.IN,"Congo, Rep.",COG,34.629,..,..
"Birth rate, crude (per 1,000 people)",SP.DYN.CBRT.IN,Costa Rica,CRI,14.289,..,..
"Birth rate, crude (per 1,000 people)",SP.DYN.CBRT.IN,Cote d'Ivoire,CIV,36.832,..,..
"Birth rate, crude (per 1,000 people)",SP.DYN.CBRT.IN,Croatia,HRV,9,..,..
"Birth rate, crude (per 1,000 people)",SP.DYN.CBRT.IN,Cuba,CUB,10.865,..,..
"Birth rate, crude (per 1,000 people)",SP.DYN.CBRT.IN,Curacao,CUW,11.2,..,..
"Birth rate, crude (per 1,000 people)",SP.DYN.CBRT.IN,Cyprus,CYP,10.834,..,..
"Birth rate, crude (per 1,000 people)",SP.DYN.CBRT.IN,Czech Republic,CZE,10.7,..,..
"Birth rate, crude (per 1,000 people)",SP.DYN.CBRT.IN,Denmark,DNK,10.8,..,..
"Birth rate, crude (per 1,000 people)",SP.DYN.CBRT.IN,Djibouti,DJI,23.002,..,..
"Birth rate, crude (per 1,000 people)",SP.DYN.CBRT.IN,Dominica,DMA,..,..,..
"Birth rate, crude (per 1,000 people)",SP.DYN.CBRT.IN,Dominican Republic,DOM,20.17,..,..
"Birth rate, crude (per 1,000 people)",SP.DYN.CBRT.IN,Early-demographic dividend,EAR,20.8797871,..,..
"Birth rate, crude (per 1,000 people)",SP.DYN.CBRT.IN,East Asia & Pacific,EAS,13.50496903,..,..
"Birth rate, crude (per 1,000 people)",SP.DYN.CBRT.IN,East Asia & Pacific (excluding high income),EAP,14.09369479,..,..
"Birth rate, crude (per 1,000 people)",SP.DYN.CBRT.IN,East Asia & Pacific (IDA & IBRD),TEA,14.09692144,..,..
"Birth rate, crude (per 1,000 people)",SP.DYN.CBRT.IN,Ecuador,ECU,20.175,..,..
"Birth rate, crude (per 1,000 people)",SP.DYN.CBRT.IN,"Egypt, Arab Rep.",EGY,26.494,..,..
"Birth rate, crude (per 1,000 people)",SP.DYN.CBRT.IN,El Salvador,SLV,18.538,..,..
"Birth rate, crude (per 1,000 people)",SP.DYN.CBRT.IN,Equatorial Guinea,GNQ,34.114,..,..
"Birth rate, crude (per 1,000 people)",SP.DYN.CBRT.IN,Eritrea,ERI,32.2,..,..
"Birth rate, crude (per 1,000 people)",SP.DYN.CBRT.IN,Estonia,EST,10.7,..,..
"Birth rate, crude (per 1,000 people)",SP.DYN.CBRT.IN,Eswatini,SWZ,28.85,..,..
"Birth rate, crude (per 1,000 people)",SP.DYN.CBRT.IN,Ethiopia,ETH,31.779,..,..
"Birth rate, crude (per 1,000 people)",SP.DYN.CBRT.IN,Euro area,EMU,9.604971372,..,..
"Birth rate, crude (per 1,000 people)",SP.DYN.CBRT.IN,Europe & Central Asia,ECS,12.23304127,..,..
"Birth rate, crude (per 1,000 people)",SP.DYN.CBRT.IN,Europe & Central Asia (excluding high income),ECA,14.87469618,..,..
"Birth rate, crude (per 1,000 people)",SP.DYN.CBRT.IN,Europe & Central Asia (IDA & IBRD),TEC,14.42272432,..,..
"Birth rate, crude (per 1,000 people)",SP.DYN.CBRT.IN,European Union,EUU,9.991669488,..,..
"Birth rate, crude (per 1,000 people)",SP.DYN.CBRT.IN,Faroe Islands,FRO,13.6,..,..
"Birth rate, crude (per 1,000 people)",SP.DYN.CBRT.IN,Fiji,FJI,19.387,..,..
"Birth rate, crude (per 1,000 people)",SP.DYN.CBRT.IN,Finland,FIN,9.6,..,..
"Birth rate, crude (per 1,000 people)",SP.DYN.CBRT.IN,Fragile and conflict affected situations,FCS,33.46764524,..,..
"Birth rate, crude (per 1,000 people)",SP.DYN.CBRT.IN,France,FRA,11.7,..,..
"Birth rate, crude (per 1,000 people)",SP.DYN.CBRT.IN,French Polynesia,PYF,15.379,..,..
"Birth rate, crude (per 1,000 people)",SP.DYN.CBRT.IN,Gabon,GAB,29.512,..,..
"Birth rate, crude (per 1,000 people)",SP.DYN.CBRT.IN,"Gambia, The",GMB,39.482,..,..
"Birth rate, crude (per 1,000 people)",SP.DYN.CBRT.IN,Georgia,GEO,13.499,..,..
"Birth rate, crude (per 1,000 people)",SP.DYN.CBRT.IN,Germany,DEU,9.3,..,..
"Birth rate, crude (per 1,000 people)",SP.DYN.CBRT.IN,Ghana,GHA,31.047,..,..
"Birth rate, crude (per 1,000 people)",SP.DYN.CBRT.IN,Gibraltar,GIB,..,..,..
"Birth rate, crude (per 1,000 people)",SP.DYN.CBRT.IN,Greece,GRC,8.6,..,..
"Birth rate, crude (per 1,000 people)",SP.DYN.CBRT.IN,Greenland,GRL,14.8,..,..
"Birth rate, crude (per 1,000 people)",SP.DYN.CBRT.IN,Grenada,GRD,18.683,..,..
"Birth rate, crude (per 1,000 people)",SP.DYN.CBRT.IN,Guam,GUM,16.78,..,..
"Birth rate, crude (per 1,000 people)",SP.DYN.CBRT.IN,Guatemala,GTM,25.273,..,..
"Birth rate, crude (per 1,000 people)",SP.DYN.CBRT.IN,Guinea,GIN,35.911,..,..
"Birth rate, crude (per 1,000 people)",SP.DYN.CBRT.IN,Guinea-Bissau,GNB,36.579,..,..
"Birth rate, crude (per 1,000 people)",SP.DYN.CBRT.IN,Guyana,GUY,20.576,..,..
"Birth rate, crude (per 1,000 people)",SP.DYN.CBRT.IN,Haiti,HTI,24.179,..,..
"Birth rate, crude (per 1,000 people)",SP.DYN.CBRT.IN,Heavily indebted poor countries (HIPC),HPC,36.33083094,..,..
"Birth rate, crude (per 1,000 people)",SP.DYN.CBRT.IN,High income,HIC,11.11253285,..,..
"Birth rate, crude (per 1,000 people)",SP.DYN.CBRT.IN,Honduras,HND,21.715,..,..
"Birth rate, crude (per 1,000 people)",SP.DYN.CBRT.IN,"Hong Kong SAR, China",HKG,8.3,..,..
"Birth rate, crude (per 1,000 people)",SP.DYN.CBRT.IN,Hungary,HUN,9.7,..,..
"Birth rate, crude (per 1,000 people)",SP.DYN.CBRT.IN,IBRD only,IBD,16.52278212,..,..
"Birth rate, crude (per 1,000 people)",SP.DYN.CBRT.IN,Iceland,ISL,12,..,..
"Birth rate, crude (per 1,000 people)",SP.DYN.CBRT.IN,IDA & IBRD total,IBT,20.35934424,..,..
"Birth rate, crude (per 1,000 people)",SP.DYN.CBRT.IN,IDA blend,IDB,32.40990994,..,..
"Birth rate, crude (per 1,000 people)",SP.DYN.CBRT.IN,IDA only,IDX,31.51586392,..,..
"Birth rate, crude (per 1,000 people)",SP.DYN.CBRT.IN,IDA total,IDA,31.8118047,..,..
"Birth rate, crude (per 1,000 people)",SP.DYN.CBRT.IN,India,IND,19.013,..,..
"Birth rate, crude (per 1,000 people)",SP.DYN.CBRT.IN,Indonesia,IDN,18.986,..,..
"Birth rate, crude (per 1,000 people)",SP.DYN.CBRT.IN,"Iran, Islamic Rep.",IRN,16.544,..,..
"Birth rate, crude (per 1,000 people)",SP.DYN.CBRT.IN,Iraq,IRQ,33.207,..,..
"Birth rate, crude (per 1,000 people)",SP.DYN.CBRT.IN,Ireland,IRL,13.5,..,..
"Birth rate, crude (per 1,000 people)",SP.DYN.CBRT.IN,Isle of Man,IMN,..,..,..
"Birth rate, crude (per 1,000 people)",SP.DYN.CBRT.IN,Israel,ISR,21.2,..,..
"Birth rate, crude (per 1,000 people)",SP.DYN.CBRT.IN,Italy,ITA,7.8,..,..
"Birth rate, crude (per 1,000 people)",SP.DYN.CBRT.IN,Jamaica,JAM,16.629,..,..
"Birth rate, crude (per 1,000 people)",SP.DYN.CBRT.IN,Japan,JPN,7.8,..,..
"Birth rate, crude (per 1,000 people)",SP.DYN.CBRT.IN,Jordan,JOR,26.469,..,..
"Birth rate, crude (per 1,000 people)",SP.DYN.CBRT.IN,Kazakhstan,KAZ,22.52,..,..
"Birth rate, crude (per 1,000 people)",SP.DYN.CBRT.IN,Kenya,KEN,31.309,..,..
"Birth rate, crude (per 1,000 people)",SP.DYN.CBRT.IN,Kiribati,KIR,28.224,..,..
"Birth rate, crude (per 1,000 people)",SP.DYN.CBRT.IN,"Korea, Dem. People's Rep.",PRK,13.834,..,..
"Birth rate, crude (per 1,000 people)",SP.DYN.CBRT.IN,"Korea, Rep.",KOR,7.9,..,..
"Birth rate, crude (per 1,000 people)",SP.DYN.CBRT.IN,Kosovo,XKX,16.8,..,..
"Birth rate, crude (per 1,000 people)",SP.DYN.CBRT.IN,Kuwait,KWT,16.416,..,..
"Birth rate, crude (per 1,000 people)",SP.DYN.CBRT.IN,Kyrgyz Republic,KGZ,26,..,..
"Birth rate, crude (per 1,000 people)",SP.DYN.CBRT.IN,Lao PDR,LAO,23.85,..,..
"Birth rate, crude (per 1,000 people)",SP.DYN.CBRT.IN,Late-demographic dividend,LTE,12.88445835,..,..
"Birth rate, crude (per 1,000 people)",SP.DYN.CBRT.IN,Latin America & Caribbean,LCN,16.83901786,..,..
"Birth rate, crude (per 1,000 people)",SP.DYN.CBRT.IN,Latin America & Caribbean (excluding high income),LAC,16.98751539,..,..
"Birth rate, crude (per 1,000 people)",SP.DYN.CBRT.IN,Latin America & Caribbean (IDA & IBRD),TLA,16.99938402,..,..
"Birth rate, crude (per 1,000 people)",SP.DYN.CBRT.IN,Latvia,LVA,11.2,..,..
"Birth rate, crude (per 1,000 people)",SP.DYN.CBRT.IN,Least developed countries: UN classification,LDC,32.16685086,..,..
"Birth rate, crude (per 1,000 people)",SP.DYN.CBRT.IN,Lebanon,LBN,15.47,..,..
"Birth rate, crude (per 1,000 people)",SP.DYN.CBRT.IN,Lesotho,LSO,27.872,..,..
"Birth rate, crude (per 1,000 people)",SP.DYN.CBRT.IN,Liberia,LBR,34.318,..,..
"Birth rate, crude (per 1,000 people)",SP.DYN.CBRT.IN,Libya,LBY,19.672,..,..
"Birth rate, crude (per 1,000 people)",SP.DYN.CBRT.IN,Liechtenstein,LIE,10,..,..
"Birth rate, crude (per 1,000 people)",SP.DYN.CBRT.IN,Lithuania,LTU,10.7,..,..
"Birth rate, crude (per 1,000 people)",SP.DYN.CBRT.IN,Low & middle income,LMY,20.44257871,..,..
"Birth rate, crude (per 1,000 people)",SP.DYN.CBRT.IN,Low income,LIC,35.03545749,..,..
"Birth rate, crude (per 1,000 people)",SP.DYN.CBRT.IN,Lower middle income,LMC,22.35775052,..,..
"Birth rate, crude (per 1,000 people)",SP.DYN.CBRT.IN,Luxembourg,LUX,10.4,..,..
"Birth rate, crude (per 1,000 people)",SP.DYN.CBRT.IN,"Macao SAR, China",MAC,12.146,..,..
"Birth rate, crude (per 1,000 people)",SP.DYN.CBRT.IN,"Macedonia, FYR",MKD,11.277,..,..
"Birth rate, crude (per 1,000 people)",SP.DYN.CBRT.IN,Madagascar,MDG,33.145,..,..
"Birth rate, crude (per 1,000 people)",SP.DYN.CBRT.IN,Malawi,MWI,36.704,..,..
"Birth rate, crude (per 1,000 people)",SP.DYN.CBRT.IN,Malaysia,MYS,17.052,..,..
"Birth rate, crude (per 1,000 people)",SP.DYN.CBRT.IN,Maldives,MDV,18.27,..,..
"Birth rate, crude (per 1,000 people)",SP.DYN.CBRT.IN,Mali,MLI,42.634,..,..
"Birth rate, crude (per 1,000 people)",SP.DYN.CBRT.IN,Malta,MLT,10.2,..,..
"Birth rate, crude (per 1,000 people)",SP.DYN.CBRT.IN,Marshall Islands,MHL,..,..,..
"Birth rate, crude (per 1,000 people)",SP.DYN.CBRT.IN,Mauritania,MRT,34.155,..,..
"Birth rate, crude (per 1,000 people)",SP.DYN.CBRT.IN,Mauritius,MUS,10.4,..,..
"Birth rate, crude (per 1,000 people)",SP.DYN.CBRT.IN,Mexico,MEX,18.173,..,..
"Birth rate, crude (per 1,000 people)",SP.DYN.CBRT.IN,"Micronesia, Fed. Sts.",FSM,23.708,..,..
"Birth rate, crude (per 1,000 people)",SP.DYN.CBRT.IN,Middle East & North Africa,MEA,22.79460066,..,..
"Birth rate, crude (per 1,000 people)",SP.DYN.CBRT.IN,Middle East & North Africa (excluding high income),MNA,23.68794015,..,..
"Birth rate, crude (per 1,000 people)",SP.DYN.CBRT.IN,Middle East & North Africa (IDA & IBRD),TMN,23.58813396,..,..
"Birth rate, crude (per 1,000 people)",SP.DYN.CBRT.IN,Middle income,MIC,18.54388385,..,..
"Birth rate, crude (per 1,000 people)",SP.DYN.CBRT.IN,Moldova,MDA,10.323,..,..
"Birth rate, crude (per 1,000 people)",SP.DYN.CBRT.IN,Monaco,MCO,7.8,..,..
"Birth rate, crude (per 1,000 people)",SP.DYN.CBRT.IN,Mongolia,MNG,23.958,..,..
"Birth rate, crude (per 1,000 people)",SP.DYN.CBRT.IN,Montenegro,MNE,11.363,..,..
"Birth rate, crude (per 1,000 people)",SP.DYN.CBRT.IN,Morocco,MAR,19.965,..,..
"Birth rate, crude (per 1,000 people)",SP.DYN.CBRT.IN,Mozambique,MOZ,38.953,..,..
"Birth rate, crude (per 1,000 people)",SP.DYN.CBRT.IN,Myanmar,MMR,17.794,..,..
"Birth rate, crude (per 1,000 people)",SP.DYN.CBRT.IN,Namibia,NAM,29.181,..,..
"Birth rate, crude (per 1,000 people)",SP.DYN.CBRT.IN,Nauru,NRU,..,..,..
"Birth rate, crude (per 1,000 people)",SP.DYN.CBRT.IN,Nepal,NPL,19.71,..,..
"Birth rate, crude (per 1,000 people)",SP.DYN.CBRT.IN,Netherlands,NLD,10.1,..,..
"Birth rate, crude (per 1,000 people)",SP.DYN.CBRT.IN,New Caledonia,NCL,15.4,..,..
"Birth rate, crude (per 1,000 people)",SP.DYN.CBRT.IN,New Zealand,NZL,12.65,..,..
"Birth rate, crude (per 1,000 people)",SP.DYN.CBRT.IN,Nicaragua,NIC,19.511,..,..
"Birth rate, crude (per 1,000 people)",SP.DYN.CBRT.IN,Niger,NER,48.136,..,..
"Birth rate, crude (per 1,000 people)",SP.DYN.CBRT.IN,Nigeria,NGA,38.887,..,..
"Birth rate, crude (per 1,000 people)",SP.DYN.CBRT.IN,North America,NAC,12.23819707,..,..
"Birth rate, crude (per 1,000 people)",SP.DYN.CBRT.IN,Northern Mariana Islands,MNP,..,..,..
"Birth rate, crude (per 1,000 people)",SP.DYN.CBRT.IN,Norway,NOR,11.2,..,..
"Birth rate, crude (per 1,000 people)",SP.DYN.CBRT.IN,OECD members,OED,11.70825853,..,..
"Birth rate, crude (per 1,000 people)",SP.DYN.CBRT.IN,Oman,OMN,18.732,..,..
"Birth rate, crude (per 1,000 people)",SP.DYN.CBRT.IN,Other small states,OSS,23.88327731,..,..
"Birth rate, crude (per 1,000 people)",SP.DYN.CBRT.IN,Pacific island small states,PSS,23.78704395,..,..
"Birth rate, crude (per 1,000 people)",SP.DYN.CBRT.IN,Pakistan,PAK,28.233,..,..
"Birth rate, crude (per 1,000 people)",SP.DYN.CBRT.IN,Palau,PLW,12,..,..
"Birth rate, crude (per 1,000 people)",SP.DYN.CBRT.IN,Panama,PAN,19.533,..,..
"Birth rate, crude (per 1,000 people)",SP.DYN.CBRT.IN,Papua New Guinea,PNG,27.606,..,..
"Birth rate, crude (per 1,000 people)",SP.DYN.CBRT.IN,Paraguay,PRY,20.947,..,..
"Birth rate, crude (per 1,000 people)",SP.DYN.CBRT.IN,Peru,PER,19.281,..,..
"Birth rate, crude (per 1,000 people)",SP.DYN.CBRT.IN,Philippines,PHL,23.21,..,..
"Birth rate, crude (per 1,000 people)",SP.DYN.CBRT.IN,Poland,POL,10.1,..,..
"Birth rate, crude (per 1,000 people)",SP.DYN.CBRT.IN,Portugal,PRT,8.4,..,..
"Birth rate, crude (per 1,000 people)",SP.DYN.CBRT.IN,Post-demographic dividend,PST,10.45993636,..,..
"Birth rate, crude (per 1,000 people)",SP.DYN.CBRT.IN,Pre-demographic dividend,PRE,37.99783136,..,..
"Birth rate, crude (per 1,000 people)",SP.DYN.CBRT.IN,Puerto Rico,PRI,9,..,..
"Birth rate, crude (per 1,000 people)",SP.DYN.CBRT.IN,Qatar,QAT,10.146,..,..
"Birth rate, crude (per 1,000 people)",SP.DYN.CBRT.IN,Romania,ROU,9.6,..,..
"Birth rate, crude (per 1,000 people)",SP.DYN.CBRT.IN,Russian Federation,RUS,12.9,..,..
"Birth rate, crude (per 1,000 people)",SP.DYN.CBRT.IN,Rwanda,RWA,31.105,..,..
"Birth rate, crude (per 1,000 people)",SP.DYN.CBRT.IN,Samoa,WSM,24.689,..,..
"Birth rate, crude (per 1,000 people)",SP.DYN.CBRT.IN,San Marino,SMR,7.9,..,..
"Birth rate, crude (per 1,000 people)",SP.DYN.CBRT.IN,Sao Tome and Principe,STP,33.834,..,..
"Birth rate, crude (per 1,000 people)",SP.DYN.CBRT.IN,Saudi Arabia,SAU,19.562,..,..
"Birth rate, crude (per 1,000 people)",SP.DYN.CBRT.IN,Senegal,SEN,35.599,..,..
"Birth rate, crude (per 1,000 people)",SP.DYN.CBRT.IN,Serbia,SRB,9.2,..,..
"Birth rate, crude (per 1,000 people)",SP.DYN.CBRT.IN,Seychelles,SYC,17.4,..,..
"Birth rate, crude (per 1,000 people)",SP.DYN.CBRT.IN,Sierra Leone,SLE,35.006,..,..
"Birth rate, crude (per 1,000 people)",SP.DYN.CBRT.IN,Singapore,SGP,9.4,..,..
"Birth rate, crude (per 1,000 people)",SP.DYN.CBRT.IN,Sint Maarten (Dutch part),SXM,..,..,..
"Birth rate, crude (per 1,000 people)",SP.DYN.CBRT.IN,Slovak Republic,SVK,10.6,..,..
"Birth rate, crude (per 1,000 people)",SP.DYN.CBRT.IN,Slovenia,SVN,9.9,..,..
"Birth rate, crude (per 1,000 people)",SP.DYN.CBRT.IN,Small states,SST,22.54236476,..,..
"Birth rate, crude (per 1,000 people)",SP.DYN.CBRT.IN,Solomon Islands,SLB,28.713,..,..
"Birth rate, crude (per 1,000 people)",SP.DYN.CBRT.IN,Somalia,SOM,43.362,..,..
"Birth rate, crude (per 1,000 people)",SP.DYN.CBRT.IN,South Africa,ZAF,20.981,..,..
"Birth rate, crude (per 1,000 people)",SP.DYN.CBRT.IN,South Asia,SAS,20.26047427,..,..
"Birth rate, crude (per 1,000 people)",SP.DYN.CBRT.IN,South Asia (IDA & IBRD),TSA,20.26047427,..,..
"Birth rate, crude (per 1,000 people)",SP.DYN.CBRT.IN,South Sudan,SSD,35.936,..,..
"Birth rate, crude (per 1,000 people)",SP.DYN.CBRT.IN,Spain,ESP,8.7,..,..
"Birth rate, crude (per 1,000 people)",SP.DYN.CBRT.IN,Sri Lanka,LKA,15.292,..,..
"Birth rate, crude (per 1,000 people)",SP.DYN.CBRT.IN,St. Kitts and Nevis,KNA,..,..,..
"Birth rate, crude (per 1,000 people)",SP.DYN.CBRT.IN,St. Lucia,LCA,12.108,..,..
"Birth rate, crude (per 1,000 people)",SP.DYN.CBRT.IN,St. Martin (French part),MAF,15.2,..,..
"Birth rate, crude (per 1,000 people)",SP.DYN.CBRT.IN,St. Vincent and the Grenadines,VCT,15.507,..,..
"Birth rate, crude (per 1,000 people)",SP.DYN.CBRT.IN,Sub-Saharan Africa,SSF,36.30287176,..,..
"Birth rate, crude (per 1,000 people)",SP.DYN.CBRT.IN,Sub-Saharan Africa (excluding high income),SSA,36.30460405,..,..
"Birth rate, crude (per 1,000 people)",SP.DYN.CBRT.IN,Sub-Saharan Africa (IDA & IBRD),TSS,36.30287176,..,..
"Birth rate, crude (per 1,000 people)",SP.DYN.CBRT.IN,Sudan,SDN,32.926,..,..
"Birth rate, crude (per 1,000 people)",SP.DYN.CBRT.IN,Suriname,SUR,18.216,..,..
"Birth rate, crude (per 1,000 people)",SP.DYN.CBRT.IN,Sweden,SWE,11.8,..,..
"Birth rate, crude (per 1,000 people)",SP.DYN.CBRT.IN,Switzerland,CHE,10.5,..,..
"Birth rate, crude (per 1,000 people)",SP.DYN.CBRT.IN,Syrian Arab Republic,SYR,21.472,..,..
"Birth rate, crude (per 1,000 people)",SP.DYN.CBRT.IN,Tajikistan,TJK,28.842,..,..
"Birth rate, crude (per 1,000 people)",SP.DYN.CBRT.IN,Tanzania,TZA,38.186,..,..
"Birth rate, crude (per 1,000 people)",SP.DYN.CBRT.IN,Thailand,THA,10.333,..,..
"Birth rate, crude (per 1,000 people)",SP.DYN.CBRT.IN,Timor-Leste,TLS,35.048,..,..
"Birth rate, crude (per 1,000 people)",SP.DYN.CBRT.IN,Togo,TGO,34.028,..,..
"Birth rate, crude (per 1,000 people)",SP.DYN.CBRT.IN,Tonga,TON,23.982,..,..
"Birth rate, crude (per 1,000 people)",SP.DYN.CBRT.IN,Trinidad and Tobago,TTO,13.608,..,..
"Birth rate, crude (per 1,000 people)",SP.DYN.CBRT.IN,Tunisia,TUN,18.295,..,..
"Birth rate, crude (per 1,000 people)",SP.DYN.CBRT.IN,Turkey,TUR,16.241,..,..
"Birth rate, crude (per 1,000 people)",SP.DYN.CBRT.IN,Turkmenistan,TKM,25.373,..,..
"Birth rate, crude (per 1,000 people)",SP.DYN.CBRT.IN,Turks and Caicos Islands,TCA,..,..,..
"Birth rate, crude (per 1,000 people)",SP.DYN.CBRT.IN,Tuvalu,TUV,..,..,..
"Birth rate, crude (per 1,000 people)",SP.DYN.CBRT.IN,Uganda,UGA,42.144,..,..
"Birth rate, crude (per 1,000 people)",SP.DYN.CBRT.IN,Ukraine,UKR,10.3,..,..
"Birth rate, crude (per 1,000 people)",SP.DYN.CBRT.IN,United Arab Emirates,ARE,9.592,..,..
"Birth rate, crude (per 1,000 people)",SP.DYN.CBRT.IN,United Kingdom,GBR,11.8,..,..
"Birth rate, crude (per 1,000 people)",SP.DYN.CBRT.IN,United States,USA,12.4,..,..
"Birth rate, crude (per 1,000 people)",SP.DYN.CBRT.IN,Upper middle income,UMC,14.17158238,..,..
"Birth rate, crude (per 1,000 people)",SP.DYN.CBRT.IN,Uruguay,URY,14.034,..,..
"Birth rate, crude (per 1,000 people)",SP.DYN.CBRT.IN,Uzbekistan,UZB,22.8,..,..
"Birth rate, crude (per 1,000 people)",SP.DYN.CBRT.IN,Vanuatu,VUT,25.855,..,..
"Birth rate, crude (per 1,000 people)",SP.DYN.CBRT.IN,"Venezuela, RB",VEN,19.03,..,..
"Birth rate, crude (per 1,000 people)",SP.DYN.CBRT.IN,Vietnam,VNM,16.691,..,..
"Birth rate, crude (per 1,000 people)",SP.DYN.CBRT.IN,Virgin Islands (U.S.),VIR,13,..,..
"Birth rate, crude (per 1,000 people)",SP.DYN.CBRT.IN,West Bank and Gaza,PSE,31.783,..,..
"Birth rate, crude (per 1,000 people)",SP.DYN.CBRT.IN,World,WLD,18.88612894,..,..
"Birth rate, crude (per 1,000 people)",SP.DYN.CBRT.IN,"Yemen, Rep.",YEM,31.636,..,..
"Birth rate, crude (per 1,000 people)",SP.DYN.CBRT.IN,Zambia,ZMB,38.131,..,..
"Birth rate, crude (per 1,000 people)",SP.DYN.CBRT.IN,Zimbabwe,ZWE,33.144,..,..
,,,,,,
,,,,,,
,,,,,,
Data from database: Gender Statistics,,,,,,
Last Updated: 02/21/2019,,,,,,